http://auburn.craigslist.org/,US,Alabama,auburn,,,32.607465,-85.481735
http://bham.craigslist.org/,US,Alabama,birmingham,,,33.520295,-86.811504
http://dothan.craigslist.org/,US,Alabama,dothan,,,31.22324,-85.393329
http://shoals.craigslist.org/,US,Alabama,florence / muscle shoals,,,34.757695,-87.671464
http://gadsden.craigslist.org/,US,Alabama,gadsden-anniston,,,33.679365,-85.763252
http://huntsville.craigslist.org/,US,Alabama,huntsville / decatur,,,34.618008,-86.971499
http://mobile.craigslist.org/,US,Alabama,mobile,,,30.686395,-88.053239
http://montgomery.craigslist.org/,US,Alabama,montgomery,,,32.38012,-86.300629
http://tuscaloosa.craigslist.org/,US,Alabama,tuscaloosa,,,33.210435,-87.566214
http://anchorage.craigslist.org/,US,Alaska,anchorage / mat-su,,,61.21759,-149.858353
http://fairbanks.craigslist.org/,US,Alaska,fairbanks,,,64.845085,-147.722059
http://kenai.craigslist.org/,US,Alaska,kenai peninsula,,,60.036575,-151.655563
http://juneau.craigslist.org/,US,Alaska,southeast alaska,,,61.325384,-154.565033
http://flagstaff.craigslist.org/,US,Arizona,flagstaff / sedona,,,34.865979,-111.763818
http://mohave.craigslist.org/,US,Arizona,mohave county,,,35.605326,-113.642605
http://phoenix.craigslist.org/,US,Arizona,phoenix,,,33.44826,-112.075774
http://prescott.craigslist.org/,US,Arizona,prescott,,,34.541425,-112.468729
http://showlow.craigslist.org/,US,Arizona,show low,,,34.250185,-110.043019
http://sierravista.craigslist.org/,US,Arizona,sierra vista,,,31.56945,-110.274679
http://tucson.craigslist.org/,US,Arizona,tucson,,,32.221553,-110.969754
http://yuma.craigslist.org/,US,Arizona,yuma,,,32.68485,-114.624614
http://fayar.craigslist.org/,US,Arkansas,fayetteville ,,,36.063205,-94.157914
http://fortsmith.craigslist.org/,US,Arkansas,fort smith,,,35.3846,-94.421299
http://jonesboro.craigslist.org/,US,Arkansas,jonesboro,,,35.835255,-90.705059
http://littlerock.craigslist.org/,US,Arkansas,little rock,,,34.748655,-92.274494
http://texarkana.craigslist.org/,US,Arkansas,texarkana,,,33.43096,-94.035794
http://bakersfield.craigslist.org/,US,California,bakersfield,,,35.36697,-119.018863
http://chico.craigslist.org/,US,California,chico,,,39.73201,-121.841985
http://fresno.craigslist.org/,US,California,fresno / madera,,,36.979745,-120.054944
http://goldcountry.craigslist.org/,US,California,gold country,,,38.451984,-120.540512
http://hanford.craigslist.org/,US,California,hanford-corcoran,,,36.08967,-119.563057
http://humboldt.craigslist.org/,US,California,humboldt county,,,40.73353,-123.907684
http://imperial.craigslist.org/,US,California,imperial county,,,33.026049,-115.284531
http://inlandempire.craigslist.org/,US,California,inland empire,,,34.03264,-117.156849
http://losangeles.craigslist.org/,US,California,los angeles,,,34.05349,-118.245319
http://mendocino.craigslist.org/,US,California,mendocino county,,,39.381165,-123.420471
http://merced.craigslist.org/,US,California,merced,,,37.30127,-120.486199
http://modesto.craigslist.org/,US,California,modesto,,,37.6383,-120.999589
http://monterey.craigslist.org/,US,California,monterey bay,,,34.059792,-118.126514
http://orangecounty.craigslist.org/,US,California,orange county,,,33.667101,-117.765049
http://palmsprings.craigslist.org/,US,California,palm springs,,,33.823215,-116.512114
http://redding.craigslist.org/,US,California,redding,,,40.587515,-122.392934
http://sacramento.craigslist.org/,US,California,sacramento,,,38.579065,-121.491014
http://sandiego.craigslist.org/,US,California,san diego,,,32.715695,-117.161719
http://sfbay.craigslist.org/,US,California,san francisco bay area,,,37.878695,-122.370941
http://slo.craigslist.org/,US,California,san luis obispo,,,35.28552,-120.662519
http://santabarbara.craigslist.org/,US,California,santa barbara,,,34.419255,-119.698869
http://santamaria.craigslist.org/,US,California,santa maria,,,34.95313,-120.434994
http://siskiyou.craigslist.org/,US,California,siskiyou county,,,41.500786,-122.582623
http://stockton.craigslist.org/,US,California,stockton,,,37.95368,-121.290754
http://susanville.craigslist.org/,US,California,susanville,,,40.415665,-120.649724
http://ventura.craigslist.org/,US,California,ventura county,,,34.057785,-119.105412
http://visalia.craigslist.org/,US,California,visalia-tulare,,,36.333771,-119.292908
http://yubasutter.craigslist.org/,US,California,yuba-sutter,,,39.15624,-121.755371
http://boulder.craigslist.org/,US,Colorado,boulder,,,40.01574,-105.279239
http://cosprings.craigslist.org/,US,Colorado,colorado springs,,,38.83345,-104.821814
http://denver.craigslist.org/,US,Colorado,denver,,,39.74001,-104.992259
http://eastco.craigslist.org/,US,Colorado,eastern CO,,,25.758065,-109.315549
http://fortcollins.craigslist.org/,US,Colorado,fort collins / north CO,,,25.758065,-109.315549
http://rockies.craigslist.org/,US,Colorado,high rockies,,,40.460739,-106.80954
http://pueblo.craigslist.org/,US,Colorado,pueblo,,,38.26386,-104.612374
http://westslope.craigslist.org/,US,Colorado,western slope,,,38.69927,-107.494053
http://newlondon.craigslist.org/,US,Connecticut,eastern CT,,,41.515476,-72.75753
http://hartford.craigslist.org/,US,Connecticut,hartford,,,41.763325,-72.674069
http://newhaven.craigslist.org/,US,Connecticut,new haven,,,41.30713,-72.924979
http://nwct.craigslist.org/,US,Connecticut,northwest CT,,,41.515476,-72.75753
http://delaware.craigslist.org/,US,Delaware,delaware,,,40.300739,-83.065788
http://washingtondc.craigslist.org/,US,District of Columbia,washington,,,38.89037,-77.031959
http://daytona.craigslist.org/,US,Florida,daytona beach,,,29.203575,-81.039404
http://keys.craigslist.org/,US,Florida,florida keys,,,24.94042,-81.585293
http://fortlauderdale.craigslist.org/,US,Florida,fort lauderdale,,,26.12367,-80.143564
http://fortmyers.craigslist.org/,US,Florida,ft myers / SW florida,,,26.522381,-81.753723
http://gainesville.craigslist.org/,US,Florida,gainesville,,,29.65195,-82.323184
http://cfl.craigslist.org/,US,Florida,heartland florida,,,30.683616,-86.832766
http://jacksonville.craigslist.org/,US,Florida,jacksonville,,,30.33147,-81.656219
http://lakeland.craigslist.org/,US,Florida,lakeland,,,28.04419,-81.947864
http://lakecity.craigslist.org/,US,Florida,north central FL,,,30.501921,-87.265808
http://ocala.craigslist.org/,US,Florida,ocala,,,29.187525,-82.140394
http://okaloosa.craigslist.org/,US,Florida,okaloosa / walton,,,27.29975,-80.254634
http://orlando.craigslist.org/,US,Florida,orlando,,,28.538235,-81.377389
http://panamacity.craigslist.org/,US,Florida,panama city,,,30.15987,-85.660334
http://pensacola.craigslist.org/,US,Florida,pensacola,,,30.420845,-87.217239
http://sarasota.craigslist.org/,US,Florida,sarasota-bradenton,,,27.38682,-82.551682
http://miami.craigslist.org/,US,Florida,south florida,,,26.01845,-80.352509
http://spacecoast.craigslist.org/,US,Florida,space coast,,,27.76102,-83.832764
http://staugustine.craigslist.org/,US,Florida,st augustine,,,29.892128,-81.314255
http://tallahassee.craigslist.org/,US,Florida,tallahassee,,,30.439775,-84.280649
http://tampa.craigslist.org/,US,Florida,tampa bay area,,,27.82007,-81.991798
http://treasure.craigslist.org/,US,Florida,treasure coast,,,27.09397,-80.455559
http://westpalmbeach.craigslist.org/,US,Florida,west palm beach,,,26.714388,-80.052689
http://albanyga.craigslist.org/,US,Georgia,albany ,,,31.58076,-84.156009
http://athensga.craigslist.org/,US,Georgia,athens,,,33.958132,-83.373255
http://atlanta.craigslist.org/,US,Georgia,atlanta,,,33.748315,-84.391109
http://augusta.craigslist.org/,US,Georgia,augusta,,,33.47909,-81.975309
http://brunswick.craigslist.org/,US,Georgia,brunswick,,,31.149765,-81.495564
http://columbusga.craigslist.org/,US,Georgia,columbus ,,,32.462925,-84.987629
http://macon.craigslist.org/,US,Georgia,macon / warner robins,,,32.602415,-83.583654
http://nwga.craigslist.org/,US,Georgia,northwest GA,,,32.678275,-83.22295
http://savannah.craigslist.org/,US,Georgia,savannah / hinesville,,,31.870431,-81.571767
http://statesboro.craigslist.org/,US,Georgia,statesboro,,,32.448915,-81.783334
http://valdosta.craigslist.org/,US,Georgia,valdosta,,,30.834729,-83.280929
http://honolulu.craigslist.org/,US,Hawaii,hawaii,,,20.573655,-157.526855
http://boise.craigslist.org/,US,Idaho,boise,,,43.60698,-116.193409
http://eastidaho.craigslist.org/,US,Idaho,east idaho,,,43.496825,-112.039909
http://lewiston.craigslist.org/,US,Idaho,lewiston / clarkston,,,46.418652,-117.016663
http://twinfalls.craigslist.org/,US,Idaho,twin falls,,,42.556195,-114.469609
http://bn.craigslist.org/,US,Illinois,bloomington-normal,,,40.484051,-88.913467
http://chambana.craigslist.org/,US,Illinois,champaign urbana,,,40.114201,-88.2435
http://chicago.craigslist.org/,US,Illinois,chicago,,,41.88415,-87.632409
http://decatur.craigslist.org/,US,Illinois,decatur,,,39.845845,-88.952459
http://lasalle.craigslist.org/,US,Illinois,la salle co,,,41.32991,-89.094261
http://mattoon.craigslist.org/,US,Illinois,mattoon-charleston,,,39.481548,-88.375847
http://peoria.craigslist.org/,US,Illinois,peoria,,,40.69214,-89.587764
http://rockford.craigslist.org/,US,Illinois,rockford,,,42.2669,-89.078354
http://carbondale.craigslist.org/,US,Illinois,southern illinois,,,37.770241,-89.252808
http://springfieldil.craigslist.org/,US,Illinois,springfield ,,,39.801055,-89.643604
http://quincy.craigslist.org/,US,Illinois,western IL,,,41.810009,-87.898079
http://bloomington.craigslist.org/,US,Indiana,bloomington,,,39.16659,-86.534244
http://evansville.craigslist.org/,US,Indiana,evansville,,,37.976911,-87.564125
http://fortwayne.craigslist.org/,US,Indiana,fort wayne,,,41.08026,-85.138314
http://indianapolis.craigslist.org/,US,Indiana,indianapolis,,,39.76691,-86.149964
http://kokomo.craigslist.org/,US,Indiana,kokomo,,,40.48651,-86.126244
http://tippecanoe.craigslist.org/,US,Indiana,lafayette / west lafayette,,,40.431042,-86.913651
http://muncie.craigslist.org/,US,Indiana,muncie / anderson,,,40.102165,-85.678689
http://richmondin.craigslist.org/,US,Indiana,richmond ,,,39.83011,-84.89033
http://southbend.craigslist.org/,US,Indiana,south bend / michiana,,,41.751575,-86.813079
http://terrehaute.craigslist.org/,US,Indiana,terre haute,,,39.466495,-87.413229
http://ames.craigslist.org/,US,Iowa,ames,,,42.025345,-93.620199
http://cedarrapids.craigslist.org/,US,Iowa,cedar rapids,,,41.976345,-91.673759
http://desmoines.craigslist.org/,US,Iowa,des moines,,,41.58979,-93.615659
http://dubuque.craigslist.org/,US,Iowa,dubuque,,,42.49913,-90.663269
http://fortdodge.craigslist.org/,US,Iowa,fort dodge,,,42.50157,-94.177624
http://iowacity.craigslist.org/,US,Iowa,iowa city,,,41.657825,-91.526534
http://masoncity.craigslist.org/,US,Iowa,mason city,,,43.14665,-93.201039
http://quadcities.craigslist.org/,US,Iowa,quad cities,,,41.419901,-90.493446
http://siouxcity.craigslist.org/,US,Iowa,sioux city,,,42.49981,-96.420944
http://ottumwa.craigslist.org/,US,Iowa,southeast IA,,,41.93825,-93.389889
http://waterloo.craigslist.org/,US,Iowa,waterloo / cedar falls,,,42.528141,-92.445549
http://lawrence.craigslist.org/,US,Kansas,lawrence,,,38.973065,-95.236534
http://ksu.craigslist.org/,US,Kansas,manhattan,,,39.17881,-96.561834
http://nwks.craigslist.org/,US,Kansas,northwest KS,,,37.730129,-97.37249
http://salina.craigslist.org/,US,Kansas,salina,,,38.840545,-97.609704
http://seks.craigslist.org/,US,Kansas,southeast KS,,,37.63998,-97.305603
http://swks.craigslist.org/,US,Kansas,southwest KS,,,37.636379,-97.377068
http://topeka.craigslist.org/,US,Kansas,topeka,,,39.049285,-95.671184
http://wichita.craigslist.org/,US,Kansas,wichita,,,37.68698,-97.335579
http://bgky.craigslist.org/,US,Kentucky,bowling green,,,36.994625,-86.445584
http://eastky.craigslist.org/,US,Kentucky,eastern kentucky,,,37.517441,-82.804863
http://lexington.craigslist.org/,US,Kentucky,lexington,,,38.048595,-84.500319
http://louisville.craigslist.org/,US,Kentucky,louisville,,,38.25486,-85.766404
http://owensboro.craigslist.org/,US,Kentucky,owensboro,,,37.77421,-87.113509
http://westky.craigslist.org/,US,Kentucky,western KY,,,37.822445,-85.69091
http://batonrouge.craigslist.org/,US,Louisiana,baton rouge,,,30.443345,-91.186994
http://cenla.craigslist.org/,US,Louisiana,central louisiana,,,30.55452,-91.036293
http://houma.craigslist.org/,US,Louisiana,houma,,,29.59733,-90.719129
http://lafayette.craigslist.org/,US,Louisiana,lafayette,,,30.220325,-92.017054
http://lakecharles.craigslist.org/,US,Louisiana,lake charles,,,30.224033,-93.220111
http://monroe.craigslist.org/,US,Louisiana,monroe,,,32.50965,-92.119049
http://neworleans.craigslist.org/,US,Louisiana,new orleans,,,29.9537,-90.077749
http://shreveport.craigslist.org/,US,Louisiana,shreveport,,,32.514615,-93.747274
http://maine.craigslist.org/,US,Maine,maine,,,46.817261,-67.927521
http://annapolis.craigslist.org/,US,Maryland,annapolis,,,38.9767,-76.489934
http://baltimore.craigslist.org/,US,Maryland,baltimore,,,39.290585,-76.609264
http://easternshore.craigslist.org/,US,Maryland,eastern shore,,,39.098795,-76.453774
http://frederick.craigslist.org/,US,Maryland,frederick,,,39.415745,-77.412034
http://smd.craigslist.org/,US,Maryland,southern maryland,,,38.401812,-76.798027
http://westmd.craigslist.org/,US,Maryland,western maryland,,,39.458929,-78.476238
http://boston.craigslist.org/,US,Massachusetts,boston,,,42.358635,-71.056699
http://capecod.craigslist.org/,US,Massachusetts,cape cod / islands,,,41.799116,-70.314201
http://southcoast.craigslist.org/,US,Massachusetts,south coast,,,42.062449,-71.718185
http://westernmass.craigslist.org/,US,Massachusetts,western massachusetts,,,42.062449,-71.718185
http://worcester.craigslist.org/,US,Massachusetts,worcester / central MA,,,42.062449,-71.718185
http://annarbor.craigslist.org/,US,Michigan,ann arbor,,,42.281875,-83.748479
http://battlecreek.craigslist.org/,US,Michigan,battle creek,,,42.31617,-85.180224
http://centralmich.craigslist.org/,US,Michigan,central michigan,,,47.403721,-88.200989
http://detroit.craigslist.org/,US,Michigan,detroit metro,,,42.23312,-83.340889
http://flint.craigslist.org/,US,Michigan,flint,,,43.01075,-83.686029
http://grandrapids.craigslist.org/,US,Michigan,grand rapids,,,42.96641,-85.671179
http://holland.craigslist.org/,US,Michigan,holland,,,42.77309,-86.101754
http://jxn.craigslist.org/,US,Michigan,jackson ,,,42.244765,-84.400524
http://kalamazoo.craigslist.org/,US,Michigan,kalamazoo,,,42.292435,-85.601114
http://lansing.craigslist.org/,US,Michigan,lansing,,,42.73194,-84.552249
http://monroemi.craigslist.org/,US,Michigan,monroe ,,,41.916065,-83.397899
http://muskegon.craigslist.org/,US,Michigan,muskegon,,,43.23424,-86.245929
http://nmi.craigslist.org/,US,Michigan,northern michigan,,,42.23303,-84.326749
http://porthuron.craigslist.org/,US,Michigan,port huron,,,42.97583,-82.428449
http://saginaw.craigslist.org/,US,Michigan,saginaw-midland-baycity,,,43.57766,-83.88464
http://swmi.craigslist.org/,US,Michigan,southwest michigan,,,42.125488,-86.429108
http://thumb.craigslist.org/,US,Michigan,the thumb,,,44.94351,-86.41843
http://up.craigslist.org/,US,Michigan,upper peninsula,,,46.28454,-86.937428
http://bemidji.craigslist.org/,US,Minnesota,bemidji,,,47.473145,-94.879649
http://brainerd.craigslist.org/,US,Minnesota,brainerd,,,46.353165,-94.200689
http://duluth.craigslist.org/,US,Minnesota,duluth / superior,,,46.78796,-92.099854
http://mankato.craigslist.org/,US,Minnesota,mankato,,,44.167404,-94.002416
http://minneapolis.craigslist.org/,US,Minnesota,minneapolis / st paul,,,44.879269,-93.1987
http://rmn.craigslist.org/,US,Minnesota,rochester ,,,44.01932,-92.459849
http://marshall.craigslist.org/,US,Minnesota,southwest MN,,,44.913971,-93.301849
http://stcloud.craigslist.org/,US,Minnesota,st cloud,,,45.56586,-94.197519
http://gulfport.craigslist.org/,US,Mississippi,gulfport / biloxi,,,30.413059,-89.072243
http://hattiesburg.craigslist.org/,US,Mississippi,hattiesburg,,,31.327357,-89.290719
http://jackson.craigslist.org/,US,Mississippi,jackson,,,32.29869,-90.180489
http://meridian.craigslist.org/,US,Mississippi,meridian,,,32.365085,-88.703079
http://northmiss.craigslist.org/,US,Mississippi,north mississippi,,,30.381275,-89.044044
http://natchez.craigslist.org/,US,Mississippi,southwest MS,,,32.58507,-89.873745
http://columbiamo.craigslist.org/,US,Missouri,columbia / jeff city,,,38.952171,-92.334152
http://joplin.craigslist.org/,US,Missouri,joplin,,,37.084761,-94.513469
http://kansascity.craigslist.org/,US,Missouri,kansas city,,,39.10296,-94.583062
http://kirksville.craigslist.org/,US,Missouri,kirksville,,,40.19426,-92.571994
http://loz.craigslist.org/,US,Missouri,lake of the ozarks,,,38.230934,-92.705837
http://semo.craigslist.org/,US,Missouri,southeast missouri,,,37.151131,-93.248688
http://springfield.craigslist.org/,US,Missouri,springfield,,,37.208975,-93.291564
http://stjoseph.craigslist.org/,US,Missouri,st joseph,,,39.7666,-94.856074
http://stlouis.craigslist.org/,US,Missouri,st louis,,,38.62774,-90.199514
http://billings.craigslist.org/,US,Montana,billings,,,45.783975,-108.505794
http://bozeman.craigslist.org/,US,Montana,bozeman,,,45.679325,-111.033179
http://butte.craigslist.org/,US,Montana,butte,,,46.001753,-112.52089
http://greatfalls.craigslist.org/,US,Montana,great falls,,,47.507145,-111.306074
http://helena.craigslist.org/,US,Montana,helena,,,46.58976,-112.021204
http://kalispell.craigslist.org/,US,Montana,kalispell,,,48.20164,-114.314901
http://missoula.craigslist.org/,US,Montana,missoula,,,46.87278,-113.996234
http://montana.craigslist.org/,US,Montana,montana (old),,,46.536025,-111.935074
http://grandisland.craigslist.org/,US,Nebraska,grand island,,,40.92474,-98.339904
http://lincoln.craigslist.org/,US,Nebraska,lincoln,,,40.81362,-96.707739
http://northplatte.craigslist.org/,US,Nebraska,north platte,,,41.136325,-100.763329
http://omaha.craigslist.org/,US,Nebraska,omaha / council bluffs,,,41.260689,-95.94059
http://scottsbluff.craigslist.org/,US,Nebraska,scottsbluff / panhandle,,,41.861771,-103.662758
http://elko.craigslist.org/,US,Nevada,elko,,,40.83563,-115.767629
http://lasvegas.craigslist.org/,US,Nevada,las vegas,,,36.171915,-115.139974
http://reno.craigslist.org/,US,Nevada,reno / tahoe,,,39.506489,-119.775902
http://nh.craigslist.org/,US,New Hampshire,new hampshire,,,42.741986,-71.201629
http://cnj.craigslist.org/,US,New Jersey,central NJ,,,40.14323,-74.726715
http://jerseyshore.craigslist.org/,US,New Jersey,jersey shore,,,39.699991,-74.475216
http://newjersey.craigslist.org/,US,New Jersey,north jersey,,,40.72996,-74.032974
http://southjersey.craigslist.org/,US,New Jersey,south jersey,,,40.75116,-74.052199
http://albuquerque.craigslist.org/,US,New Mexico,albuquerque,,,35.08418,-106.648639
http://clovis.craigslist.org/,US,New Mexico,clovis / portales,,,34.18431,-103.339604
http://farmington.craigslist.org/,US,New Mexico,farmington,,,36.72814,-108.205689
http://lascruces.craigslist.org/,US,New Mexico,las cruces,,,32.3069,-106.777849
http://roswell.craigslist.org/,US,New Mexico,roswell / carlsbad,,,32.418595,-104.229019
http://santafe.craigslist.org/,US,New Mexico,santa fe / taos,,,36.362476,-105.572946
http://albany.craigslist.org/,US,New York,albany,,,42.651445,-73.755254
http://binghamton.craigslist.org/,US,New York,binghamton,,,42.098687,-75.911271
http://buffalo.craigslist.org/,US,New York,buffalo,,,42.88544,-78.878464
http://catskills.craigslist.org/,US,New York,catskills,,,42.156591,-74.603657
http://chautauqua.craigslist.org/,US,New York,chautauqua,,,42.205104,-79.465814
http://elmira.craigslist.org/,US,New York,elmira-corning,,,42.162842,-76.89608
http://fingerlakes.craigslist.org/,US,New York,finger lakes,,,42.835224,-76.755749
http://glensfalls.craigslist.org/,US,New York,glens falls,,,43.31122,-73.643759
http://hudsonvalley.craigslist.org/,US,New York,hudson valley,,,42.903455,-73.562499
http://ithaca.craigslist.org/,US,New York,ithaca,,,42.440495,-76.495454
http://longisland.craigslist.org/,US,New York,long island,,,40.852505,-73.135849
http://newyork.craigslist.org/,US,New York,new york city,,,40.71455,-74.007124
http://oneonta.craigslist.org/,US,New York,oneonta,,,42.45531,-75.060274
http://plattsburgh.craigslist.org/,US,New York,plattsburgh-adirondacks,,,44.699131,-73.453033
http://potsdam.craigslist.org/,US,New York,potsdam-canton-massena,,,44.927885,-74.890629
http://rochester.craigslist.org/,US,New York,rochester,,,43.1555,-77.616033
http://syracuse.craigslist.org/,US,New York,syracuse,,,43.04999,-76.147389
http://twintiers.craigslist.org/,US,New York,twin tiers NY/PA,,,40.647583,-73.883736
http://utica.craigslist.org/,US,New York,utica-rome-oneida,,,43.216555,-75.504433
http://watertown.craigslist.org/,US,New York,watertown,,,43.975589,-75.913164
http://asheville.craigslist.org/,US,North Carolina,asheville,,,35.59846,-82.553144
http://boone.craigslist.org/,US,North Carolina,boone,,,36.220364,-81.686965
http://charlotte.craigslist.org/,US,North Carolina,charlotte,,,35.22269,-80.837764
http://eastnc.craigslist.org/,US,North Carolina,eastern NC,,,35.214235,-79.89109
http://fayetteville.craigslist.org/,US,North Carolina,fayetteville,,,35.054495,-78.877579
http://greensboro.craigslist.org/,US,North Carolina,greensboro,,,36.068994,-79.794704
http://hickory.craigslist.org/,US,North Carolina,hickory / lenoir,,,35.866275,-81.49375
http://onslow.craigslist.org/,US,North Carolina,jacksonville ,,,34.74929,-77.421054
http://outerbanks.craigslist.org/,US,North Carolina,outer banks,,,35.806318,-75.740871
http://raleigh.craigslist.org/,US,North Carolina,raleigh / durham / CH,,,35.873772,-78.791191
http://wilmington.craigslist.org/,US,North Carolina,wilmington,,,34.23497,-77.945992
http://winstonsalem.craigslist.org/,US,North Carolina,winston-salem,,,36.099625,-80.241094
http://bismarck.craigslist.org/,US,North Dakota,bismarck,,,46.805372,-100.779334
http://fargo.craigslist.org/,US,North Dakota,fargo / moorhead,,,46.875912,-96.781761
http://grandforks.craigslist.org/,US,North Dakota,grand forks,,,47.924085,-97.032034
http://nd.craigslist.org/,US,North Dakota,north dakota,,,47.467846,-100.301853
http://akroncanton.craigslist.org/,US,Ohio,akron / canton,,,40.79781,-81.371569
http://ashtabula.craigslist.org/,US,Ohio,ashtabula,,,41.889273,-80.786736
http://athensohio.craigslist.org/,US,Ohio,athens ,,,39.328502,-82.10444
http://chillicothe.craigslist.org/,US,Ohio,chillicothe,,,39.334983,-82.970416
http://cincinnati.craigslist.org/,US,Ohio,cincinnati,,,39.106614,-84.504552
http://cleveland.craigslist.org/,US,Ohio,cleveland,,,41.50438,-81.690434
http://columbus.craigslist.org/,US,Ohio,columbus,,,39.96196,-83.002984
http://dayton.craigslist.org/,US,Ohio,dayton / springfield,,,39.778568,-84.144157
http://limaohio.craigslist.org/,US,Ohio,lima / findlay,,,41.014835,-83.680399
http://mansfield.craigslist.org/,US,Ohio,mansfield,,,40.758515,-82.514804
http://sandusky.craigslist.org/,US,Ohio,sandusky,,,41.44876,-82.707374
http://toledo.craigslist.org/,US,Ohio,toledo,,,41.65381,-83.536259
http://tuscarawas.craigslist.org/,US,Ohio,tuscarawas co,,,40.39758,-81.407269
http://youngstown.craigslist.org/,US,Ohio,youngstown,,,41.0981,-80.650789
http://zanesville.craigslist.org/,US,Ohio,zanesville / cambridge,,,40.02479,-81.590109
http://lawton.craigslist.org/,US,Oklahoma,lawton,,,34.605185,-98.389919
http://enid.craigslist.org/,US,Oklahoma,northwest OK,,,37.19352,-93.322102
http://oklahomacity.craigslist.org/,US,Oklahoma,oklahoma city,,,35.472015,-97.520354
http://stillwater.craigslist.org/,US,Oklahoma,stillwater,,,36.11625,-97.058654
http://tulsa.craigslist.org/,US,Oklahoma,tulsa,,,36.149745,-95.993334
http://bend.craigslist.org/,US,Oregon,bend,,,44.05766,-121.315549
http://corvallis.craigslist.org/,US,Oregon,corvallis/albany,,,44.62711,-123.090721
http://eastoregon.craigslist.org/,US,Oregon,east oregon,,,45.35077,-122.601494
http://eugene.craigslist.org/,US,Oregon,eugene,,,44.04992,-123.088544
http://klamath.craigslist.org/,US,Oregon,klamath falls,,,42.223885,-121.782064
http://medford.craigslist.org/,US,Oregon,medford-ashland,,,42.199669,-122.717033
http://oregoncoast.craigslist.org/,US,Oregon,oregon coast,,,43.935345,-123.500343
http://portland.craigslist.org/,US,Oregon,portland,,,45.511795,-122.675629
http://roseburg.craigslist.org/,US,Oregon,roseburg,,,43.210885,-123.343234
http://salem.craigslist.org/,US,Oregon,salem,,,44.93326,-123.043814
http://altoona.craigslist.org/,US,Pennsylvania,altoona-johnstown,,,40.32715,-78.918858
http://chambersburg.craigslist.org/,US,Pennsylvania,cumberland valley,,,39.829472,-78.64772
http://erie.craigslist.org/,US,Pennsylvania,erie,,,42.129445,-80.085239
http://harrisburg.craigslist.org/,US,Pennsylvania,harrisburg,,,40.259865,-76.88223
http://lancaster.craigslist.org/,US,Pennsylvania,lancaster,,,40.038045,-76.301269
http://allentown.craigslist.org/,US,Pennsylvania,lehigh valley,,,40.582958,-75.476852
http://meadville.craigslist.org/,US,Pennsylvania,meadville,,,41.636488,-80.151438
http://philadelphia.craigslist.org/,US,Pennsylvania,philadelphia,,,39.95228,-75.162454
http://pittsburgh.craigslist.org/,US,Pennsylvania,pittsburgh,,,40.438335,-79.997459
http://poconos.craigslist.org/,US,Pennsylvania,poconos,,,40.994705,-77.604546
http://reading.craigslist.org/,US,Pennsylvania,reading,,,40.336585,-75.927843
http://scranton.craigslist.org/,US,Pennsylvania,scranton / wilkes-barre,,,41.2426,-75.877334
http://pennstate.craigslist.org/,US,Pennsylvania,state college,,,40.79373,-77.860704
http://williamsport.craigslist.org/,US,Pennsylvania,williamsport,,,41.240945,-77.001414
http://york.craigslist.org/,US,Pennsylvania,york,,,39.964535,-76.724289
http://providence.craigslist.org/,US,Rhode Island,rhode island,,,41.582579,-71.503601
http://charleston.craigslist.org/,US,South Carolina,charleston,,,32.78115,-79.931604
http://columbia.craigslist.org/,US,South Carolina,columbia,,,33.99855,-81.045249
http://florencesc.craigslist.org/,US,South Carolina,florence,,,34.19363,-79.769059
http://greenville.craigslist.org/,US,South Carolina,greenville / upstate,,,34.848019,-82.400223
http://hiltonhead.craigslist.org/,US,South Carolina,hilton head,,,32.154819,-80.762238
http://myrtlebeach.craigslist.org/,US,South Carolina,myrtle beach,,,33.693569,-78.882665
http://nesd.craigslist.org/,US,South Dakota,northeast SD,,,44.212561,-100.247063
http://csd.craigslist.org/,US,South Dakota,pierre / central SD,,,44.212561,-100.247063
http://rapidcity.craigslist.org/,US,South Dakota,rapid city / west SD,,,44.081161,-103.230888
http://siouxfalls.craigslist.org/,US,South Dakota,sioux falls / SE SD,,,43.510632,-96.691757
http://sd.craigslist.org/,US,South Dakota,south dakota,,,44.212561,-100.247063
http://chattanooga.craigslist.org/,US,Tennessee,chattanooga,,,35.04644,-85.309464
http://clarksville.craigslist.org/,US,Tennessee,clarksville,,,36.530755,-87.359769
http://cookeville.craigslist.org/,US,Tennessee,cookeville,,,36.16193,-85.499804
http://jacksontn.craigslist.org/,US,Tennessee,jackson  ,,,35.6139,-88.819399
http://knoxville.craigslist.org/,US,Tennessee,knoxville,,,35.960495,-83.920914
http://memphis.craigslist.org/,US,Tennessee,memphis,,,35.149766,-90.049259
http://nashville.craigslist.org/,US,Tennessee,nashville,,,36.167783,-86.778365
http://tricities.craigslist.org/,US,Tennessee,tri-cities,,,36.48056,-82.408722
http://abilene.craigslist.org/,US,Texas,abilene,,,32.449175,-99.741424
http://amarillo.craigslist.org/,US,Texas,amarillo,,,35.207255,-101.833894
http://austin.craigslist.org/,US,Texas,austin,,,30.267605,-97.742984
http://beaumont.craigslist.org/,US,Texas,beaumont / port arthur,,,30.086149,-94.101578
http://brownsville.craigslist.org/,US,Texas,brownsville,,,25.899585,-97.495529
http://collegestation.craigslist.org/,US,Texas,college station,,,30.620545,-96.325904
http://corpuschristi.craigslist.org/,US,Texas,corpus christi,,,27.79641,-97.403564
http://dallas.craigslist.org/,US,Texas,dallas / fort worth,,,32.874939,-97.043472
http://nacogdoches.craigslist.org/,US,Texas,deep east texas,,,29.392765,-94.925069
http://delrio.craigslist.org/,US,Texas,del rio / eagle pass,,,28.73906,-100.496084
http://elpaso.craigslist.org/,US,Texas,el paso,,,31.759165,-106.487494
http://galveston.craigslist.org/,US,Texas,galveston,,,29.295325,-94.807909
http://houston.craigslist.org/,US,Texas,houston,,,29.76045,-95.369784
http://killeen.craigslist.org/,US,Texas,killeen / temple / ft hood,,,33.542955,-97.346534
http://laredo.craigslist.org/,US,Texas,laredo,,,27.53092,-99.502009
http://lubbock.craigslist.org/,US,Texas,lubbock,,,33.58451,-101.845009
http://mcallen.craigslist.org/,US,Texas,mcallen / edinburg,,,26.30116,-98.160699
http://odessa.craigslist.org/,US,Texas,odessa / midland,,,32.000105,-102.075694
http://sanangelo.craigslist.org/,US,Texas,san angelo,,,31.4615,-100.442424
http://sanantonio.craigslist.org/,US,Texas,san antonio,,,29.42449,-98.494619
http://sanmarcos.craigslist.org/,US,Texas,san marcos,,,29.885099,-97.930779
http://bigbend.craigslist.org/,US,Texas,southwest TX,,,32.642288,-97.182701
http://texoma.craigslist.org/,US,Texas,texoma,,,36.499725,-101.788069
http://easttexas.craigslist.org/,US,Texas,tyler / east TX,,,33.56349,-101.797405
http://victoriatx.craigslist.org/,US,Texas,victoria ,,,28.805965,-97.003574
http://waco.craigslist.org/,US,Texas,waco,,,31.571821,-97.149507
http://wichitafalls.craigslist.org/,US,Texas,wichita falls,,,33.90831,-98.500994
http://logan.craigslist.org/,US,Utah,logan,,,41.736185,-111.834849
http://ogden.craigslist.org/,US,Utah,ogden-clearfield,,,41.10441,-112.022659
http://provo.craigslist.org/,US,Utah,provo / orem,,,40.29805,-111.695412
http://saltlakecity.craigslist.org/,US,Utah,salt lake city,,,40.759505,-111.888229
http://stgeorge.craigslist.org/,US,Utah,st george,,,37.109075,-113.583304
http://burlington.craigslist.org/,US,Vermont,vermont,,,-34.41275,19.161989
http://charlottesville.craigslist.org/,US,Virginia,charlottesville,,,38.03213,-78.477529
http://danville.craigslist.org/,US,Virginia,danville,,,36.585983,-79.417209
http://fredericksburg.craigslist.org/,US,Virginia,fredericksburg,,,38.30089,-77.459144
http://norfolk.craigslist.org/,US,Virginia,hampton roads,,,38.003351,-79.458504
http://harrisonburg.craigslist.org/,US,Virginia,harrisonburg,,,38.451534,-78.869047
http://lynchburg.craigslist.org/,US,Virginia,lynchburg,,,37.41402,-79.142839
http://blacksburg.craigslist.org/,US,Virginia,new river valley,,,40.102792,-80.550531
http://richmond.craigslist.org/,US,Virginia,richmond,,,37.5407,-77.433654
http://roanoke.craigslist.org/,US,Virginia,roanoke,,,37.271525,-79.940534
http://swva.craigslist.org/,US,Virginia,southwest VA,,,38.003351,-79.458504
http://winchester.craigslist.org/,US,Virginia,winchester,,,39.184005,-78.164049
http://bellingham.craigslist.org/,US,Washington,bellingham,,,48.75235,-122.471219
http://kpr.craigslist.org/,US,Washington,kennewick-pasco-richland,,,46.285885,-119.299713
http://moseslake.craigslist.org/,US,Washington,moses lake,,,47.13194,-119.277158
http://olympic.craigslist.org/,US,Washington,olympic peninsula,,,38.901606,-77.02578
http://pullman.craigslist.org/,US,Washington,pullman / moscow,,,46.742989,-117.119461
http://seattle.craigslist.org/,US,Washington,seattle-tacoma,,,47.441261,-122.296112
http://skagit.craigslist.org/,US,Washington,skagit / island / SJI,,,48.413342,-122.579063
http://spokane.craigslist.org/,US,Washington,spokane / coeur d'alene,,,,
http://wenatchee.craigslist.org/,US,Washington,wenatchee,,,47.41416,-120.304884
http://yakima.craigslist.org/,US,Washington,yakima,,,46.604135,-120.507049
http://charlestonwv.craigslist.org/,US,West Virginia,charleston ,,,38.350195,-81.638989
http://martinsburg.craigslist.org/,US,West Virginia,eastern panhandle,,,38.919744,-80.181683
http://huntington.craigslist.org/,US,West Virginia,huntington-ashland,,,39.687757,-80.635728
http://morgantown.craigslist.org/,US,West Virginia,morgantown,,,39.630375,-79.957849
http://wheeling.craigslist.org/,US,West Virginia,northern panhandle,,,38.919744,-80.181683
http://parkersburg.craigslist.org/,US,West Virginia,parkersburg-marietta,,,39.687757,-80.635728
http://swv.craigslist.org/,US,West Virginia,southern WV,,,38.919744,-80.181683
http://wv.craigslist.org/,US,West Virginia,west virginia (old),,,47.51609,-92.570412
http://appleton.craigslist.org/,US,Wisconsin,appleton-oshkosh-FDL,,,43.769918,-88.431587
http://eauclaire.craigslist.org/,US,Wisconsin,eau claire,,,44.816512,-91.501238
http://greenbay.craigslist.org/,US,Wisconsin,green bay,,,44.512795,-88.010159
http://janesville.craigslist.org/,US,Wisconsin,janesville,,,42.687892,-89.018214
http://racine.craigslist.org/,US,Wisconsin,kenosha-racine,,,42.728621,-87.814133
http://lacrosse.craigslist.org/,US,Wisconsin,la crosse,,,43.812625,-91.251919
http://madison.craigslist.org/,US,Wisconsin,madison,,,43.07295,-89.386694
http://milwaukee.craigslist.org/,US,Wisconsin,milwaukee,,,43.04181,-87.906844
http://northernwi.craigslist.org/,US,Wisconsin,northern WI,,,44.78636,-89.847221
http://sheboygan.craigslist.org/,US,Wisconsin,sheboygan,,,43.74978,-87.713749
http://wausau.craigslist.org/,US,Wisconsin,wausau,,,44.959535,-89.630309
http://wyoming.craigslist.org/,US,Wyoming,wyoming,,,42.826672,-78.086189
http://micronesia.craigslist.org/,US,Territories,guam-micronesia,,,13.446455,144.786629
http://puertorico.craigslist.org/,US,Territories,puerto rico,,,18.2016,-66.581348
http://virgin.craigslist.org/,US,Territories,U.S. virgin islands,,,18.06993,-64.825726
http://calgary.craigslist.ca/,Canada,Alberta,calgary,,,51.04522,-114.063014
http://edmonton.craigslist.ca/,Canada,Alberta,edmonton,,,53.54622,-113.490374
http://ftmcmurray.craigslist.ca/,Canada,Alberta,ft mcmurray,,,56.72718,-111.380302
http://lethbridge.craigslist.ca/,Canada,Alberta,lethbridge,,,49.693835,-112.833744
http://hat.craigslist.ca/,Canada,Alberta,medicine hat,,,50.04107,-110.678094
http://peace.craigslist.ca/,Canada,Alberta,peace river country,,,54.498564,-114.999928
http://reddeer.craigslist.ca/,Canada,Alberta,red deer,,,52.268535,-113.809009
http://cariboo.craigslist.ca/,Canada,British Columbia,cariboo,,,52.204084,-123.394112
http://comoxvalley.craigslist.ca/,Canada,British Columbia,comox valley,,,49.67824,-124.959814
http://abbotsford.craigslist.ca/,Canada,British Columbia,fraser valley,,,49.575605,-121.906887
http://kamloops.craigslist.ca/,Canada,British Columbia,kamloops,,,50.676125,-120.337889
http://kelowna.craigslist.ca/,Canada,British Columbia,kelowna / okanagan,,,49.344385,-119.571519
http://cranbrook.craigslist.ca/,Canada,British Columbia,kootenays,,,54.154531,-126.550709
http://nanaimo.craigslist.ca/,Canada,British Columbia,nanaimo,,,49.164275,-123.936184
http://princegeorge.craigslist.ca/,Canada,British Columbia,prince george,,,53.91235,-122.745089
http://skeena.craigslist.ca/,Canada,British Columbia,skeena-bulkley,,,54.25,-129.832993
http://sunshine.craigslist.ca/,Canada,British Columbia,sunshine coast,,,49.856853,-123.753204
http://vancouver.craigslist.ca/,Canada,British Columbia,vancouver,,,49.26044,-123.114034
http://victoria.craigslist.ca/,Canada,British Columbia,victoria,,,48.428315,-123.364514
http://whistler.craigslist.ca/,Canada,British Columbia,whistler,,,50.119571,-122.954084
http://winnipeg.craigslist.ca/,Canada,Manitoba,winnipeg,,,49.89944,-97.140794
http://newbrunswick.craigslist.ca/,Canada,New Brunswick,new brunswick,,,41.233402,-81.811843
http://newfoundland.craigslist.ca/,Canada,Newfoundland and Labrador,st john's,,,,
http://territories.craigslist.ca/,Canada,Northwest Territories,territories,,,65.325857,-119.240448
http://yellowknife.craigslist.ca/,Canada,Northwest Territories,yellowknife,,,62.454485,-114.370954
http://halifax.craigslist.ca/,Canada,Nova Scotia,halifax,,,44.64616,-63.573919
http://barrie.craigslist.ca/,Canada,Ontario,barrie,,,44.3893,-79.686324
http://belleville.craigslist.ca/,Canada,Ontario,belleville,,,44.161045,-77.381899
http://brantford.craigslist.ca/,Canada,Ontario,brantford-woodstock,,,43.139919,-80.754451
http://chatham.craigslist.ca/,Canada,Ontario,chatham-kent,,,42.404445,-82.189584
http://cornwall.craigslist.ca/,Canada,Ontario,cornwall,,,45.028435,-74.735694
http://guelph.craigslist.ca/,Canada,Ontario,guelph,,,43.544565,-80.247874
http://hamilton.craigslist.ca/,Canada,Ontario,hamilton-burlington,,,43.32618,-79.798539
http://kingston.craigslist.ca/,Canada,Ontario,kingston,,,44.231535,-76.479334
http://kitchener.craigslist.ca/,Canada,Ontario,kitchener-waterloo-cambridge,,,43.36141,-80.315334
http://londonon.craigslist.ca/,Canada,Ontario,london ,,,42.986895,-81.246214
http://niagara.craigslist.ca/,Canada,Ontario,niagara region,,,43.049006,-79.329937
http://ottawa.craigslist.ca/,Canada,Ontario,ottawa-hull-gatineau,,,45.421501,-75.691887
http://owensound.craigslist.ca/,Canada,Ontario,owen sound,,,44.564875,-80.942604
http://peterborough.craigslist.ca/,Canada,Ontario,peterborough,,,44.305925,-78.319504
http://sarnia.craigslist.ca/,Canada,Ontario,sarnia,,,42.97877,-82.403364
http://soo.craigslist.ca/,Canada,Ontario,sault ste marie,,,46.517935,-84.347939
http://sudbury.craigslist.ca/,Canada,Ontario,sudbury,,,46.490002,-80.990013
http://thunderbay.craigslist.ca/,Canada,Ontario,thunder bay,,,48.3817,-89.245479
http://toronto.craigslist.ca/,Canada,Ontario,toronto,,,43.64856,-79.385324
http://windsor.craigslist.ca/,Canada,Ontario,windsor,,,42.31782,-83.033914
http://pei.craigslist.ca/,Canada,Prince Edward Island,prince edward island,,,46.503611,-63.193506
http://montreal.craigslist.ca/,Canada,Quebec,montreal,,,45.512303,-73.554431
http://quebec.craigslist.ca/,Canada,Quebec,quebec city,,,46.812749,-71.219359
http://saguenay.craigslist.ca/,Canada,Quebec,saguenay,,,48.428944,-71.061394
http://sherbrooke.craigslist.ca/,Canada,Quebec,sherbrooke,,,45.403264,-71.888935
http://troisrivieres.craigslist.ca/,Canada,Quebec,trois-rivieres,,,46.34018,-72.545034
http://regina.craigslist.ca/,Canada,Saskatchewan,regina,,,50.448015,-104.595179
http://saskatoon.craigslist.ca/,Canada,Saskatchewan,saskatoon,,,52.130505,-106.659314
http://whitehorse.craigslist.ca/,Canada,Yukon Territory,whitehorse,,,60.72087,-135.053169
http://vienna.craigslist.at/,Europe,Austria,vienna,,,48.202548,16.368805
http://brussels.craigslist.org/,Europe,Belgium,belgium,,,50.50099,4.47677
http://bulgaria.craigslist.org/,Europe,Bulgaria,bulgaria,,,42.731596,25.483115
http://zagreb.craigslist.org/,Europe,Croatia,croatia,,,44.473595,16.46847
http://prague.craigslist.cz/,Europe,Czech Republic,prague,,,50.079083,14.43323
http://copenhagen.craigslist.org/,Europe,Denmark,copenhagen,,,55.67631,12.569355
http://helsinki.craigslist.fi/,Europe,Finland,finland,,,64.928595,26.067386
http://bordeaux.craigslist.org/,Europe,France,bordeaux,,,44.836635,-0.581039
http://rennes.craigslist.org/,Europe,France,brittany,,,48.081015,-3.078185
http://grenoble.craigslist.org/,Europe,France,grenoble,,,45.194005,5.732015
http://lille.craigslist.org/,Europe,France,lille,,,50.637185,3.06281
http://loire.craigslist.org/,Europe,France,loire valley,,,47.168465,-1.273689
http://lyon.craigslist.org/,Europe,France,lyon,,,45.759399,4.82897
http://marseilles.craigslist.org/,Europe,France,marseille,,,43.293705,5.372475
http://montpellier.craigslist.org/,Europe,France,montpellier,,,43.610855,3.87609
http://cotedazur.craigslist.org/,Europe,France,nice / cote d'azur,,,,
http://rouen.craigslist.org/,Europe,France,normandy,,,49.126305,-0.074555
http://paris.craigslist.org/,Europe,France,paris,,,48.85693,2.3412
http://strasbourg.craigslist.org/,Europe,France,strasbourg,,,48.58508,7.73643
http://toulouse.craigslist.org/,Europe,France,toulouse,,,43.60574,1.44869
http://berlin.craigslist.de/,Europe,Germany,berlin,,,52.516074,13.376987
http://bremen.craigslist.de/,Europe,Germany,bremen,,,53.0751,8.804708
http://cologne.craigslist.de/,Europe,Germany,cologne,,,50.941665,6.95518
http://dresden.craigslist.de/,Europe,Germany,dresden,,,51.05364,13.740816
http://dusseldorf.craigslist.de/,Europe,Germany,dusseldorf,,,51.21563,6.77604
http://essen.craigslist.de/,Europe,Germany,essen / ruhr,,,51.451801,7.01062
http://frankfurt.craigslist.de/,Europe,Germany,frankfurt,,,50.11208,8.683415
http://hamburg.craigslist.de/,Europe,Germany,hamburg,,,53.553345,9.992455
http://hannover.craigslist.de/,Europe,Germany,hannover,,,52.372278,9.738157
http://heidelberg.craigslist.de/,Europe,Germany,heidelberg,,,49.41349,8.70819
http://kaiserslautern.craigslist.de/,Europe,Germany,kaiserslautern,,,49.442075,7.760425
http://leipzig.craigslist.de/,Europe,Germany,leipzig,,,51.3452,12.38594
http://munich.craigslist.de/,Europe,Germany,munich,,,48.136415,11.577531
http://nuremberg.craigslist.de/,Europe,Germany,nuremberg,,,49.454345,11.073495
http://stuttgart.craigslist.de/,Europe,Germany,stuttgart,,,48.767675,9.171925
http://athens.craigslist.gr/,Europe,Greece,greece,,,38.283306,24.537435
http://budapest.craigslist.org/,Europe,Hungary,budapest,,,47.506225,19.06482
http://reykjavik.craigslist.org/,Europe,Iceland,reykjavik,,,64.147415,-21.933989
http://dublin.craigslist.org/,Europe,Ireland,dublin,,,53.34807,-6.248274
http://bologna.craigslist.it/,Europe,Italy,bologna,,,44.504835,11.345165
http://florence.craigslist.it/,Europe,Italy,florence / tuscany,,,43.782372,11.25499
http://genoa.craigslist.it/,Europe,Italy,genoa,,,44.410339,8.9389
http://milan.craigslist.it/,Europe,Italy,milan,,,45.468945,9.18103
http://naples.craigslist.it/,Europe,Italy,napoli / campania,,,40.839901,14.25185
http://perugia.craigslist.it/,Europe,Italy,perugia,,,43.111285,12.38393
http://rome.craigslist.it/,Europe,Italy,rome,,,41.90311,12.49576
http://sardinia.craigslist.it/,Europe,Italy,sardinia,,,40.085905,8.979815
http://sicily.craigslist.it/,Europe,Italy,sicilia,,,38.192705,14.370535
http://torino.craigslist.it/,Europe,Italy,torino,,,45.06968,7.704935
http://venice.craigslist.it/,Europe,Italy,venice / veneto,,,45.438251,12.31849
http://luxembourg.craigslist.org/,Europe,Luxembourg,luxembourg,,,49.609531,6.12997
http://amsterdam.craigslist.org/,Europe,Netherlands,amsterdam / randstad,,,52.373119,4.89319
http://oslo.craigslist.org/,Europe,Norway,norway,,,61.015725,10.182129
http://warsaw.craigslist.pl/,Europe,Poland,poland,,,51.918917,19.134295
http://faro.craigslist.pt/,Europe,Portugal,faro / algarve,,,37.016418,-7.93459
http://lisbon.craigslist.pt/,Europe,Portugal,lisbon,,,38.725735,-9.15021
http://porto.craigslist.pt/,Europe,Portugal,porto,,,41.14945,-8.610314
http://bucharest.craigslist.org/,Europe,Romania,romania,,,45.946945,24.980395
http://moscow.craigslist.org/,Europe,Russian Federation,moscow,,,55.75687,37.615101
http://stpetersburg.craigslist.org/,Europe,Russian Federation,st petersburg,,,59.932739,30.306721
http://alicante.craigslist.es/,Europe,Spain,alicante,,,38.344085,-0.480474
http://baleares.craigslist.es/,Europe,Spain,baleares,,,39.367664,2.7579
http://barcelona.craigslist.es/,Europe,Spain,barcelona,,,41.385589,2.168745
http://bilbao.craigslist.es/,Europe,Spain,bilbao,,,43.26865,-2.946119
http://cadiz.craigslist.es/,Europe,Spain,cadiz,,,36.52986,-6.290239
http://canarias.craigslist.es/,Europe,Spain,canarias,,,28.526165,-15.78992
http://granada.craigslist.es/,Europe,Spain,granada,,,37.170398,-3.605426
http://madrid.craigslist.es/,Europe,Spain,madrid,,,40.4203,-3.705774
http://malaga.craigslist.es/,Europe,Spain,malaga,,,36.71832,-4.420159
http://sevilla.craigslist.es/,Europe,Spain,sevilla,,,37.387697,-6.001813
http://valencia.craigslist.es/,Europe,Spain,valencia,,,39.468791,-0.376913
http://stockholm.craigslist.se/,Europe,Sweden,sweden,,,62.198448,17.56622
http://basel.craigslist.ch/,Europe,Switzerland,basel,,,47.548807,7.58782
http://bern.craigslist.ch/,Europe,Switzerland,bern,,,46.948432,7.440461
http://geneva.craigslist.ch/,Europe,Switzerland,geneva,,,46.208358,6.142701
http://lausanne.craigslist.ch/,Europe,Switzerland,lausanne,,,46.519595,6.632335
http://zurich.craigslist.ch/,Europe,Switzerland,zurich,,,47.37706,8.53955
http://istanbul.craigslist.com.tr/,Europe,Turkey,turkey,,,38.957735,35.246901
http://ukraine.craigslist.org/,Europe,Ukraine,ukraine,,,48.382885,31.173445
http://aberdeen.craigslist.co.uk/,Europe,United Kingdom,aberdeen,,,57.15382,-2.106789
http://bath.craigslist.co.uk/,Europe,United Kingdom,bath,,,51.38503,-2.361324
http://belfast.craigslist.co.uk/,Europe,United Kingdom,belfast,,,54.595295,-5.934524
http://birmingham.craigslist.co.uk/,Europe,United Kingdom,birmingham / west mids,,,52.478588,-1.9086
http://brighton.craigslist.co.uk/,Europe,United Kingdom,brighton,,,50.828481,-0.134429
http://bristol.craigslist.co.uk/,Europe,United Kingdom,bristol,,,51.45373,-2.591564
http://cambridge.craigslist.co.uk/,Europe,United Kingdom,"cambridge, UK",,,52.20987,0.111565
http://cardiff.craigslist.co.uk/,Europe,United Kingdom,cardiff / wales,,,51.48125,-3.180734
http://coventry.craigslist.co.uk/,Europe,United Kingdom,coventry,,,52.406986,-1.507768
http://derby.craigslist.co.uk/,Europe,United Kingdom,derby,,,52.92517,-1.483684
http://devon.craigslist.co.uk/,Europe,United Kingdom,devon & cornwall,,,54.676262,-1.21706
http://dundee.craigslist.co.uk/,Europe,United Kingdom,dundee,,,56.461375,-2.967609
http://norwich.craigslist.co.uk/,Europe,United Kingdom,east anglia,,,52.21917,0.631665
http://eastmids.craigslist.co.uk/,Europe,United Kingdom,east midlands,,,52.846189,-0.839275
http://edinburgh.craigslist.co.uk/,Europe,United Kingdom,edinburgh,,,55.954155,-3.202774
http://essex.craigslist.co.uk/,Europe,United Kingdom,essex,,,51.77169,0.637995
http://glasgow.craigslist.co.uk/,Europe,United Kingdom,glasgow,,,55.857809,-4.242511
http://hampshire.craigslist.co.uk/,Europe,United Kingdom,hampshire,,,51.04483,-1.34332
http://kent.craigslist.co.uk/,Europe,United Kingdom,kent,,,51.198709,0.742665
http://leeds.craigslist.co.uk/,Europe,United Kingdom,leeds,,,53.794493,-1.546579
http://liverpool.craigslist.co.uk/,Europe,United Kingdom,liverpool,,,53.409773,-2.978481
http://london.craigslist.co.uk/,Europe,United Kingdom,london,,,51.506325,-0.127144
http://manchester.craigslist.co.uk/,Europe,United Kingdom,manchester,,,53.479605,-2.248818
http://newcastle.craigslist.co.uk/,Europe,United Kingdom,newcastle / NE england,,,54.977909,-1.61237
http://nottingham.craigslist.co.uk/,Europe,United Kingdom,nottingham,,,52.949225,-1.143924
http://oxford.craigslist.co.uk/,Europe,United Kingdom,oxford,,,51.756205,-1.259489
http://sheffield.craigslist.co.uk/,Europe,United Kingdom,sheffield,,,53.38311,-1.464544
http://bangladesh.craigslist.org/,"Asia, Pacific and Middle East",Bangladesh,bangladesh,,,23.60845,90.350899
http://beijing.craigslist.com.cn/,"Asia, Pacific and Middle East",China,beijing,,,39.90601,116.387909
http://chengdu.craigslist.com.cn/,"Asia, Pacific and Middle East",China,chengdu,,,30.67,104.071022
http://chongqing.craigslist.com.cn/,"Asia, Pacific and Middle East",China,chongqing,,,29.544001,106.522621
http://dalian.craigslist.com.cn/,"Asia, Pacific and Middle East",China,dalian,,,38.94381,121.576523
http://guangzhou.craigslist.com.cn/,"Asia, Pacific and Middle East",China,guangzhou,,,23.107389,113.267616
http://hangzhou.craigslist.com.cn/,"Asia, Pacific and Middle East",China,hangzhou,,,30.252501,120.165024
http://nanjing.craigslist.com.cn/,"Asia, Pacific and Middle East",China,nanjing,,,32.0485,118.778969
http://shanghai.craigslist.com.cn/,"Asia, Pacific and Middle East",China,shanghai,,,31.247709,121.472618
http://shenyang.craigslist.com.cn/,"Asia, Pacific and Middle East",China,shenyang,,,41.788509,123.40612
http://shenzhen.craigslist.com.cn/,"Asia, Pacific and Middle East",China,shenzhen,,,22.546789,114.112556
http://wuhan.craigslist.com.cn/,"Asia, Pacific and Middle East",China,wuhan,,,30.572399,114.279121
http://xian.craigslist.com.cn/,"Asia, Pacific and Middle East",China,xi'an,,,,
http://hongkong.craigslist.hk/,"Asia, Pacific and Middle East",Hong Kong,hong kong,,,22.283325,114.15872
http://ahmedabad.craigslist.co.in/,"Asia, Pacific and Middle East",India,ahmedabad,,,25.28287,87.80413
http://bangalore.craigslist.co.in/,"Asia, Pacific and Middle East",India,bangalore,,,12.97092,77.60482
http://bhubaneswar.craigslist.co.in/,"Asia, Pacific and Middle East",India,bhubaneswar,,,20.28499,85.80772
http://chandigarh.craigslist.co.in/,"Asia, Pacific and Middle East",India,chandigarh,,,30.73012,76.78244
http://chennai.craigslist.co.in/,"Asia, Pacific and Middle East",India,chennai (madras),,,13.06397,80.24311
http://delhi.craigslist.co.in/,"Asia, Pacific and Middle East",India,delhi,,,28.644,77.091
http://goa.craigslist.co.in/,"Asia, Pacific and Middle East",India,goa,,,15.350225,74.013927
http://hyderabad.craigslist.co.in/,"Asia, Pacific and Middle East",India,hyderabad,,,17.4376,78.4706
http://indore.craigslist.co.in/,"Asia, Pacific and Middle East",India,indore,,,21.90847,73.24932
http://jaipur.craigslist.co.in/,"Asia, Pacific and Middle East",India,jaipur,,,26.89876,75.79636
http://kerala.craigslist.co.in/,"Asia, Pacific and Middle East",India,kerala,,,10.54737,76.138241
http://kolkata.craigslist.co.in/,"Asia, Pacific and Middle East",India,kolkata (calcutta),,,22.52667,88.34616
http://lucknow.craigslist.co.in/,"Asia, Pacific and Middle East",India,lucknow,,,26.83906,80.93326
http://mumbai.craigslist.co.in/,"Asia, Pacific and Middle East",India,mumbai,,,19.076191,72.875877
http://pune.craigslist.co.in/,"Asia, Pacific and Middle East",India,pune,,,18.52671,73.8616
http://surat.craigslist.co.in/,"Asia, Pacific and Middle East",India,surat surat,,,21.165131,72.836182
http://jakarta.craigslist.org/,"Asia, Pacific and Middle East",Indonesia,indonesia,,,-6.32231,106.973328
http://tehran.craigslist.org/,"Asia, Pacific and Middle East",Iran,iran,,,43.309776,44.08493
http://baghdad.craigslist.org/,"Asia, Pacific and Middle East",Iraq,iraq,,,33.240526,43.68985
http://haifa.craigslist.org/,"Asia, Pacific and Middle East",Israel and Palestine,haifa,,,32.81171,34.998711
http://jerusalem.craigslist.org/,"Asia, Pacific and Middle East",Israel and Palestine,jerusalem,,,31.7736,35.224998
http://telaviv.craigslist.org/,"Asia, Pacific and Middle East",Israel and Palestine,tel aviv,,,32.045101,34.769711
http://ramallah.craigslist.org/,"Asia, Pacific and Middle East",Israel and Palestine,west bank,,,31.947749,35.22965
http://fukuoka.craigslist.jp/,"Asia, Pacific and Middle East",Japan,fukuoka,,,33.568699,130.346359
http://hiroshima.craigslist.jp/,"Asia, Pacific and Middle East",Japan,hiroshima,,,34.479988,132.437363
http://nagoya.craigslist.jp/,"Asia, Pacific and Middle East",Japan,nagoya,,,35.14986,136.926224
http://okinawa.craigslist.jp/,"Asia, Pacific and Middle East",Japan,okinawa,,,25.965785,127.132877
http://osaka.craigslist.jp/,"Asia, Pacific and Middle East",Japan,osaka-kobe-kyoto,,,35.098135,135.718933
http://sapporo.craigslist.jp/,"Asia, Pacific and Middle East",Japan,sapporo,,,42.985321,141.248062
http://sendai.craigslist.jp/,"Asia, Pacific and Middle East",Japan,sendai,,,38.314362,140.758194
http://tokyo.craigslist.jp/,"Asia, Pacific and Middle East",Japan,tokyo,,,35.670479,139.740921
http://seoul.craigslist.co.kr/,"Asia, Pacific and Middle East",Korea,seoul,,,37.557121,126.977379
http://kuwait.craigslist.org/,"Asia, Pacific and Middle East",Kuwait,kuwait,,,29.37429,47.974812
http://beirut.craigslist.org/,"Asia, Pacific and Middle East",Lebanon,"beirut, lebanon",,,33.89275,35.485271
http://malaysia.craigslist.org/,"Asia, Pacific and Middle East",Malaysia,malaysia,,,4.12371,109.191746
http://pakistan.craigslist.org/,"Asia, Pacific and Middle East",Pakistan,pakistan,,,30.44185,69.359701
http://bacolod.craigslist.com.ph/,"Asia, Pacific and Middle East",Philippines,bacolod,,,10.646665,122.969471
http://naga.craigslist.com.ph/,"Asia, Pacific and Middle East",Philippines,bicol region,,,13.10942,123.35688
http://cdo.craigslist.com.ph/,"Asia, Pacific and Middle East",Philippines,cagayan de oro,,,8.48514,124.649277
http://cebu.craigslist.com.ph/,"Asia, Pacific and Middle East",Philippines,cebu,,,10.31009,123.894638
http://davaocity.craigslist.com.ph/,"Asia, Pacific and Middle East",Philippines,davao city,,,7.07996,125.61277
http://iloilo.craigslist.com.ph/,"Asia, Pacific and Middle East",Philippines,iloilo,,,10.69688,122.57061
http://manila.craigslist.com.ph/,"Asia, Pacific and Middle East",Philippines,manila,,,14.60962,121.00589
http://pampanga.craigslist.com.ph/,"Asia, Pacific and Middle East",Philippines,pampanga,,,15.028505,120.65696
http://zamboanga.craigslist.com.ph/,"Asia, Pacific and Middle East",Philippines,zamboanga,,,6.91136,122.063271
http://singapore.craigslist.com.sg/,"Asia, Pacific and Middle East",Singapore,singapore,,,1.29378,103.853256
http://taipei.craigslist.com.tw/,"Asia, Pacific and Middle East",Taiwan,taiwan,,,24.14675,120.157307
http://bangkok.craigslist.co.th/,"Asia, Pacific and Middle East",Thailand,thailand,,,13.03659,101.4925
http://dubai.craigslist.org/,"Asia, Pacific and Middle East",United Arab Emirates,united arab emirates,,,24.287849,53.78415
http://vietnam.craigslist.org/,"Asia, Pacific and Middle East",Vietnam,vietnam,,,15.89854,105.807671
http://adelaide.craigslist.com.au/,Oceania,Australia,adelaide,,,-34.926102,138.599884
http://brisbane.craigslist.com.au/,Oceania,Australia,brisbane,,,-27.46888,153.022827
http://cairns.craigslist.com.au/,Oceania,Australia,cairns,,,-16.92646,145.77597
http://canberra.craigslist.com.au/,Oceania,Australia,canberra,,,-35.306541,149.126556
http://darwin.craigslist.com.au/,Oceania,Australia,darwin,,,-12.4675,130.843155
http://goldcoast.craigslist.com.au/,Oceania,Australia,gold coast,,,-27.995396,153.411652
http://melbourne.craigslist.com.au/,Oceania,Australia,melbourne,,,-37.817532,144.967148
http://ntl.craigslist.com.au/,Oceania,Australia,"newcastle, NSW",,,-32.928089,151.772324
http://perth.craigslist.com.au/,Oceania,Australia,perth,,,-31.95302,115.857239
http://sydney.craigslist.com.au/,Oceania,Australia,sydney,,,-33.869629,151.206955
http://hobart.craigslist.com.au/,Oceania,Australia,tasmania,,,-46.92198,151.398705
http://wollongong.craigslist.com.au/,Oceania,Australia,wollongong,,,-34.424881,150.893036
http://auckland.craigslist.org/,Oceania,New Zealand,auckland,,,-36.884109,174.77042
http://christchurch.craigslist.org/,Oceania,New Zealand,christchurch,,,-43.531027,172.637767
http://dunedin.craigslist.co.nz/,Oceania,New Zealand,dunedin,,,-45.874501,170.503851
http://wellington.craigslist.org/,Oceania,New Zealand,wellington,,,-41.280515,174.767121
http://buenosaires.craigslist.org/,Latin America and Caribbean,Argentina,buenos aires,,,-34.608521,-58.373539
http://lapaz.craigslist.org/,Latin America and Caribbean,Bolivia,bolivia,,,-16.288345,-63.549427
http://belohorizonte.craigslist.org/,Latin America and Caribbean,Brazil,belo horizonte,,,-19.945364,-43.932684
http://brasilia.craigslist.org/,Latin America and Caribbean,Brazil,brasilia,,,-15.77846,-47.928661
http://curitiba.craigslist.org/,Latin America and Caribbean,Brazil,curitiba,,,-25.440024,-49.276709
http://fortaleza.craigslist.org/,Latin America and Caribbean,Brazil,fortaleza,,,-3.718404,-38.542924
http://portoalegre.craigslist.org/,Latin America and Caribbean,Brazil,porto alegre,,,-30.034259,-51.22802
http://recife.craigslist.org/,Latin America and Caribbean,Brazil,recife,,,-8.055384,-34.872004
http://rio.craigslist.org/,Latin America and Caribbean,Brazil,rio de janeiro,,,-22.976734,-43.195084
http://salvador.craigslist.org/,Latin America and Caribbean,Brazil,"salvador, bahia",,,-12.97002,-38.504559
http://saopaulo.craigslist.org/,Latin America and Caribbean,Brazil,sao paulo,,,-23.56288,-46.654659
http://santiago.craigslist.org/,Latin America and Caribbean,Chile,chile,,,-37.020664,-87.946239
http://colombia.craigslist.org/,Latin America and Caribbean,Colombia,colombia,,,38.443761,-90.193435
http://costarica.craigslist.org/,Latin America and Caribbean,Costa Rica,costa rica,,,-18.78615,-53.156738
http://santodomingo.craigslist.org/,Latin America and Caribbean,Dominican Republic,dominican republic,,,18.699574,-70.11736
http://quito.craigslist.org/,Latin America and Caribbean,Ecuador,ecuador,,,-1.781565,-83.430656
http://elsalvador.craigslist.org/,Latin America and Caribbean,El Salvador,el salvador,,,24.515181,-100.861809
http://guatemala.craigslist.org/,Latin America and Caribbean,Guatemala,guatemala,,,14.618,-90.52491
http://acapulco.craigslist.com.mx/,Latin America and Caribbean,Mexico,acapulco,,,16.850875,-99.906969
http://bajasur.craigslist.com.mx/,Latin America and Caribbean,Mexico,baja california sur,,,23.370911,-112.496078
http://chihuahua.craigslist.com.mx/,Latin America and Caribbean,Mexico,chihuahua,,,28.639655,-106.072059
http://juarez.craigslist.com.mx/,Latin America and Caribbean,Mexico,ciudad juarez,,,31.75774,-106.509041
http://guadalajara.craigslist.com.mx/,Latin America and Caribbean,Mexico,guadalajara,,,20.68757,-103.351059
http://guanajuato.craigslist.com.mx/,Latin America and Caribbean,Mexico,guanajuato,,,21.018395,-101.259129
http://hermosillo.craigslist.com.mx/,Latin America and Caribbean,Mexico,hermosillo,,,29.07904,-110.946949
http://mazatlan.craigslist.com.mx/,Latin America and Caribbean,Mexico,mazatlan,,,23.200015,-106.421769
http://mexicocity.craigslist.com.mx/,Latin America and Caribbean,Mexico,mexico city,,,19.4319,-99.132851
http://monterrey.craigslist.com.mx/,Latin America and Caribbean,Mexico,monterrey,,,25.670975,-100.309959
http://oaxaca.craigslist.com.mx/,Latin America and Caribbean,Mexico,oaxaca,,,17.151995,-96.209415
http://puebla.craigslist.com.mx/,Latin America and Caribbean,Mexico,puebla,,,19.051025,-98.175099
http://pv.craigslist.com.mx/,Latin America and Caribbean,Mexico,puerto vallarta,,,20.61056,-105.233764
http://tijuana.craigslist.com.mx/,Latin America and Caribbean,Mexico,tijuana,,,32.531305,-117.038169
http://veracruz.craigslist.com.mx/,Latin America and Caribbean,Mexico,veracruz,,,19.19546,-96.140754
http://yucatan.craigslist.com.mx/,Latin America and Caribbean,Mexico,yucatan,,,21.051085,-89.389938
http://managua.craigslist.org/,Latin America and Caribbean,Nicaragua,nicaragua,,,11.42926,-85.821831
http://panama.craigslist.org/,Latin America and Caribbean,Panama,panama,,,8.96492,-79.536621
http://lima.craigslist.org/,Latin America and Caribbean,Peru,peru,,,37.08287,-96.096481
http://puertorico.craigslist.org/,Latin America and Caribbean,Puerto Rico,puerto rico,,,1.92256,-75.155403
http://montevideo.craigslist.org/,Latin America and Caribbean,Uruguay,montevideo,,,-34.880901,-56.16544
http://caracas.craigslist.org/,Latin America and Caribbean,Venezuela,venezuela,,,10.11212,-71.210327
http://virgin.craigslist.org/,Latin America and Caribbean,"Virgin Islands, U.S.",virgin islands,,,18.18083,-64.596916
http://cairo.craigslist.org/,Africa,Egypt,egypt,,,26.69636,30.465961
http://addisababa.craigslist.org/,Africa,Ethiopia,ethiopia,,,9.1473,40.493046
http://accra.craigslist.org/,Africa,Ghana,ghana,,,7.95501,-1.03182
http://kenya.craigslist.org/,Africa,Kenya,kenya,,,-0.043895,37.90395
http://casablanca.craigslist.org/,Africa,Morocco,morocco,,,31.815405,-7.066995
http://capetown.craigslist.co.za/,Africa,South Africa,cape town,,,-33.919104,18.42197
http://durban.craigslist.co.za/,Africa,South Africa,durban,,,-29.855744,31.035125
http://johannesburg.craigslist.co.za/,Africa,South Africa,johannesburg,,,-26.204944,28.040035
http://pretoria.craigslist.co.za/,Africa,South Africa,pretoria,,,-25.745874,28.18763
http://tunis.craigslist.org/,Africa,Tunisia,tunisia,,,33.903775,9.56154
http://boston.craigslist.org/,US,Massachusetts,boston,gbs,boston/cambridge/brookline,,
http://boston.craigslist.org/,US,Massachusetts,boston,nwb,northwest/merrimack,,
http://boston.craigslist.org/,US,Massachusetts,boston,bmw,metro west,,
http://boston.craigslist.org/,US,Massachusetts,boston,nos,north shore,,
http://boston.craigslist.org/,US,Massachusetts,boston,sob,south shore,,
http://chicago.craigslist.org/,US,Illinois,chicago,chc,city of chicago,,
http://chicago.craigslist.org/,US,Illinois,chicago,nch,north chicagoland,,
http://chicago.craigslist.org/,US,Illinois,chicago,wcl,west chicagoland,,
http://chicago.craigslist.org/,US,Illinois,chicago,sox,south chicagoland,,
http://chicago.craigslist.org/,US,Illinois,chicago,nwi,northwest indiana,,
http://chicago.craigslist.org/,US,Illinois,chicago,nwc,northwest suburbs,,
http://dallas.craigslist.org/,US,Texas,dallas / fort worth,dal,dallas,,
http://dallas.craigslist.org/,US,Texas,dallas / fort worth,ftw,fort worth,,
http://dallas.craigslist.org/,US,Texas,dallas / fort worth,mid,mid cities,,
http://dallas.craigslist.org/,US,Texas,dallas / fort worth,ndf,north dfw,,
http://dallas.craigslist.org/,US,Texas,dallas / fort worth,sdf,south dfw,,
http://honolulu.craigslist.org/,US,Hawaii,hawaii,oah,oahu,,
http://honolulu.craigslist.org/,US,Hawaii,hawaii,big,big island,,
http://honolulu.craigslist.org/,US,Hawaii,hawaii,mau,maui,,
http://honolulu.craigslist.org/,US,Hawaii,hawaii,kau,kauai,,
http://honolulu.craigslist.org/,US,Hawaii,hawaii,mol,molokai,,
http://losangeles.craigslist.org/,US,California,los angeles,wst,westside-southbay-310,,
http://losangeles.craigslist.org/,US,California,los angeles,sfv,san fernando valley,,
http://losangeles.craigslist.org/,US,California,los angeles,lac,central LA 213/323,,
http://losangeles.craigslist.org/,US,California,los angeles,sgv,san gabriel valley,,
http://losangeles.craigslist.org/,US,California,los angeles,lgb,long beach / 562,,
http://losangeles.craigslist.org/,US,California,los angeles,ant,antelope valley,,
http://miami.craigslist.org/,US,Florida,south florida,mdc,miami / dade county,,
http://miami.craigslist.org/,US,Florida,south florida,brw,broward county,,
http://miami.craigslist.org/,US,Florida,south florida,pbc,palm beach county,,
http://newyork.craigslist.org/,US,New York,new york city,mnh,manhattan,,
http://newyork.craigslist.org/,US,New York,new york city,brk,brooklyn,,
http://newyork.craigslist.org/,US,New York,new york city,que,queens,,
http://newyork.craigslist.org/,US,New York,new york city,brx,bronx,,
http://newyork.craigslist.org/,US,New York,new york city,stn,staten island,,
http://newyork.craigslist.org/,US,New York,new york city,jsy,new jersey,,
http://newyork.craigslist.org/,US,New York,new york city,lgi,long island,,
http://newyork.craigslist.org/,US,New York,new york city,wch,westchester,,
http://newyork.craigslist.org/,US,New York,new york city,fct,"fairfield co, CT",,
http://portland.craigslist.org/,US,Oregon,portland,mlt,multnomah county,,
http://portland.craigslist.org/,US,Oregon,portland,wsc,washington county,,
http://portland.craigslist.org/,US,Oregon,portland,clk,clark/cowlitz WA,,
http://portland.craigslist.org/,US,Oregon,portland,clc,clackamas county,,
http://portland.craigslist.org/,US,Oregon,portland,nco,north coast,,
http://portland.craigslist.org/,US,Oregon,portland,yam,yamhill co,,
http://phoenix.craigslist.org/,US,Arizona,phoenix,cph,central / south phx,,
http://phoenix.craigslist.org/,US,Arizona,phoenix,evl,east valley,,
http://phoenix.craigslist.org/,US,Arizona,phoenix,nph,phx north,,
http://phoenix.craigslist.org/,US,Arizona,phoenix,wvl,west valley,,
http://seattle.craigslist.org/,US,Washington,seattle-tacoma,see,seattle,,
http://seattle.craigslist.org/,US,Washington,seattle-tacoma,est,eastside,,
http://seattle.craigslist.org/,US,Washington,seattle-tacoma,sno,snohomish county,,
http://seattle.craigslist.org/,US,Washington,seattle-tacoma,kit,kitsap / west puget,,
http://seattle.craigslist.org/,US,Washington,seattle-tacoma,tac,tacoma / pierce,,
http://seattle.craigslist.org/,US,Washington,seattle-tacoma,oly,olympia / thurston,,
http://seattle.craigslist.org/,US,Washington,seattle-tacoma,skc,south king co,,
http://sfbay.craigslist.org/,US,California,san francisco bay area,sfc,city of san francisco,,
http://sfbay.craigslist.org/,US,California,san francisco bay area,sby,south bay area,,
http://sfbay.craigslist.org/,US,California,san francisco bay area,eby,east bay area,,
http://sfbay.craigslist.org/,US,California,san francisco bay area,pen,peninsula,,
http://sfbay.craigslist.org/,US,California,san francisco bay area,nby,north bay / marin,,
http://sfbay.craigslist.org/,US,California,san francisco bay area,scz,santa cruz co,,
http://tampa.craigslist.org/,US,Florida,tampa bay area,hdo,hernando co,,
http://tampa.craigslist.org/,US,Florida,tampa bay area,hil,hillsborough co,,
http://tampa.craigslist.org/,US,Florida,tampa bay area,psc,pasco co,,
http://tampa.craigslist.org/,US,Florida,tampa bay area,pnl,pinellas co,,
http://washingtondc.craigslist.org/,US,District of Columbia,washington,doc,district of columbia,,
http://washingtondc.craigslist.org/,US,District of Columbia,washington,nva,northern virginia,,
http://washingtondc.craigslist.org/,US,District of Columbia,washington,mld,maryland,,